Label,# Samples,Average,Median,90% Line,95% Line,99% Line,Min,Max,Error %,Throughput,Received KB/sec,Sent KB/sec
TEST DE STRESS,1000,41128,39297,66257,67107,68589,3516,69761,0.000%,11.60604,2421.59,3.03
TOTAL,1000,41128,39297,66257,67107,68589,3516,69761,0.000%,11.60604,2421.59,3.03
