Label,# Samples,Average,Min,Max,Std. Dev.,Error %,Throughput,Received KB/sec,Sent KB/sec,Avg. Bytes
Thread Group:TEST DE STRESS,1000,41128,3516,69761,17648.43,0.000%,11.60604,2421.59,3.03,213656.7
TOTAL,1000,41128,3516,69761,17648.43,0.000%,11.60604,2421.59,3.03,213656.7
