Label,# Samples,Average,Median,90% Line,95% Line,99% Line,Min,Max,Error %,Throughput,Received KB/sec,Sent KB/sec
TEST DE STRESS,500,18657,21995,26222,27054,28882,589,30469,0.000%,11.05143,2305.87,2.88
TOTAL,500,18657,21995,26222,27054,28882,589,30469,0.000%,11.05143,2305.87,2.88
